user_id,name,email,phone,password
U0001,Crystal Barnett,ashley36@vargas.biz,(906)235-1280,(CkWo4wWt9
U0002,Rose Boyer,jonesheather@watson.com,967-479-4383x0605,NjG3TuyUs#
U0003,Michael Henderson,walkerkimberly@morris.biz,(900)798-5956x90187,&o+2URa5hk
U0004,Shannon Cooper,chase39@hotmail.com,+1-928-032-3200,ua4IBasHz(
U0005,Adam Hammond,todd76@holder.info,+1-226-319-9085x2582,j%GWW*c1&8
U0006,Emily Taylor,poncewayne@yahoo.com,(128)953-9250x2186,@hysjYz+T9
U0007,Benjamin Hayes,belltimothy@edwards-watts.biz,168-948-4442,SeF3Z)Qjd#
U0008,Tanya Mcpherson,wsanchez@soto.info,(018)897-6491x319,FQ8%FEifE#
U0009,Katherine Green,katelyn95@yahoo.com,649.490.9203x17954,^K3R^9f#e*
U0010,Thomas Guzman,nfuller@dominguez.info,237.059.9576x898,+P3RTwyxCs
U0011,Laurie Hodges,alexis61@coleman.net,+1-353-859-9896x47334,1o0WTq3l&M
U0012,David Ford,melissa13@gmail.com,939-774-8324x5166,6y!3Ggztd4
U0013,Felicia Barrera,audreylarson@campbell.com,001-657-392-2029,Fah75R(dW!
U0014,Melanie Wright,walshtanner@gmail.com,+1-349-690-5268,&3HRXfzpB!
U0015,William Francis,debra25@phillips.org,+1-770-710-4238x079,#i6SYk4z4y
U0016,Stephanie Mata,ihuerta@hotmail.com,183-033-9445x441,(2Ubn4Dts1
U0017,Michelle Miranda,zwarren@macias.com,(294)961-1001,p6OKfWrF&g
U0018,Stacy Hernandez,bakerbetty@cruz.org,001-497-114-2334x13092,(kSwuhEde2
U0019,Emily Garcia,alexa92@hotmail.com,473.890.2612x952,3OH9Lpd_^0
U0020,Wayne Jackson,ylambert@holmes.com,337-210-2569x0683,PPXaFS6m(9
U0021,Kyle Blake,nortonjeffrey@hotmail.com,7932137947,#H05TeEce*
U0022,Adam Pollard,parkerjustin@yahoo.com,801-744-9118,N@U*71Hfsb
U0023,Cindy Evans,eatontara@yahoo.com,001-424-267-9536x30047,+7T)P@uAku
U0024,Lindsey Garcia,knighthenry@yahoo.com,(072)900-1846,A*1oJ&CkU%
U0025,Patrick Larson,ihinton@anderson-peck.com,001-618-409-1945x666,f+9UqON*H!
U0026,Barbara Nichols,xmartin@miller.com,3949094170,*8!I7vGg&t
U0027,Pamela Melendez,qwatson@gmail.com,+1-438-022-6552x04170,_95%H+pu8y
U0028,Megan Horton,utrevino@hoover.com,(573)521-2439x2670,_#4LvNjdCr
U0029,Derrick Jones,olevy@hotmail.com,912-307-1142,Tk9lTZ6u@C
U0030,Stephanie Sanchez,parkertom@gmail.com,(282)555-9665x01868,$XCrLsao0q
U0031,Christopher Scott,mcdonaldjesse@roman-steele.com,+1-543-405-3879x27687,)2DLvMDnS$
U0032,Joshua Webster,scottsamantha@yahoo.com,988-556-5240x06971,&9FNuCH&zn
U0033,Ryan Hunt,richardthompson@anderson.info,8280461446,5@TlwiRE(7
U0034,Dr. Parker Wheeler,devin23@foster.com,529.824.3246,!d#0UdDJW8
U0035,John Pearson,kennethparker@gmail.com,(572)342-0842x6464,zHb^2UEhK1
U0036,Michael Johnson,matthew82@long.com,121-237-0264x8567,w%8GySkDxL
U0037,Scott Chambers,lcox@hotmail.com,717.050.8053x41031,hb22PXPj^#
U0038,Jeffrey Adams,timothyward@hotmail.com,123-060-3269,k$^37H$tch
U0039,Eric Quinn,laura76@yahoo.com,556-725-9474,Z2UQOV6I&g
U0040,Vincent Garcia,walkerjimmy@clark.com,4255930213,G$@%%9Mx*^
U0041,Melissa Steele,amanda14@roth-obrien.com,(504)722-3178x7956,i0OH6_3n@m
U0042,Taylor Lopez,colleen87@yahoo.com,469.679.9566x25826,xa770ZAz_r
U0043,Dr. Ashley Martinez,daniel91@yahoo.com,879.460.4792,@YXmgZI7l1
U0044,John Adams,moralesjoel@yahoo.com,001-102-079-6905,_5@IolKTQp
U0045,Robert Casey,andrew73@velez.com,259-921-7178,_8WLzDCY#a
U0046,Alice Webb,pdavis@diaz.com,+1-741-031-7451,8DkNfto*(3
U0047,Christopher Carr,justindougherty@wiggins.com,+1-504-747-3753x09546,GGM)2DAuEG
U0048,Marc Marshall,gmathis@gmail.com,001-519-390-9558x436,U(1OeDdA$i
U0049,Christopher Garrett,flemingrobert@hotmail.com,+1-226-046-5614x38916,!E1JfX!o4x
U0050,Vicki Willis,dmiller@brown.com,726.152.4480x39930,y*%81ZsP@0
U0051,Tina Williams,jasminemendoza@snyder-alvarez.org,982.651.1143x454,$^VokSiR3d
U0052,Nicolas Jenkins,sfarmer@yahoo.com,(119)263-1914,2w#S8Qo9D#
U0053,Lori Daniels,robinsontony@butler.com,990.975.7569x3241,cl7JEEb^^U
U0054,Edward Donovan,vnorton@williams.com,868-803-0470x18833,*e!#(7FfH^
U0055,Dr. Paul Greer DVM,kknapp@hotmail.com,001-832-025-4851x140,_IOqjutzW7
U0056,Michael Patterson,darren61@hotmail.com,+1-642-996-3381x7460,b%9TJ4nnDe
U0057,Nicholas Fuentes,johnsonjudith@castillo.org,129.198.1051x40173,R*_8jprnJP
U0058,Lisa Christian,caleb05@guerra.com,+1-349-778-7072x6823,W94YxfM2!0
U0059,Johnathan Tyler,hwilliams@thomas-sullivan.com,097.284.2727,X4v2ONtA+Q
U0060,Douglas Mahoney,christina02@yahoo.com,+1-683-517-9220x175,P64DDIk&&9
U0061,Sabrina Cruz,cassandra24@montgomery.biz,184.752.8955x297,_hxAvjc@3c
U0062,John Miller,reynoldslauren@hotmail.com,(773)930-8627x91875,6sbsH!05*5
U0063,Dustin Schmidt,dianamcintosh@hotmail.com,781-471-6594,k6SDU7qE%J
U0064,Jackie Scott,slyons@gmail.com,+1-114-246-1513x15718,*eES7Mi78l
U0065,Darrell Lawrence,james12@gmail.com,(067)667-9713x5426,&4fFmfexdH
U0066,David Blackwell,matthew61@hotmail.com,+1-487-821-1728,I^20L%umTb
U0067,Kayla Walker,deannamunoz@bates.com,104.107.6045,+lp@5rWf4c
U0068,Trevor Christensen,adamsjulie@norton-lopez.net,868.076.6352,QF!EfiVu&3
U0069,Michael Harris,tiffanystephens@shaw-lee.com,(220)859-9190,OQ6Gfd6MF)
U0070,Elizabeth Martinez,zavalajill@fisher.info,(621)453-0925,qNa0wBuc!$
U0071,Sandra Little,mendozamarc@ayers.com,577-083-6023x85162,B4PjiICW^L
U0072,Kerry Mercer,juarezvictoria@hotmail.com,(458)434-1032,$17d_cVqOF
U0073,Mark Clark,jaustin@hotmail.com,001-759-250-3675x0428,3!ZScW2p!f
U0074,Laura Adams,james00@yahoo.com,(594)187-9143x618,Km3ZSYJp+C
U0075,Thomas Smith,moorenancy@zavala.org,421-213-3660,C8lhZsab$+
U0076,Barbara Nelson,brendanmartin@randolph-taylor.com,001-348-449-1045x39357,9nA!GVMi_9
U0077,Krista Mathews,seanbaker@montgomery.com,371.562.0789,!aGZRz0!$6
U0078,Seth Vasquez,chelsea91@sharp.com,001-374-978-5478x433,97Sygjk*$$
U0079,Eric Barr,christopherjohnson@yahoo.com,(955)811-0011,4I$B)L4n^4
U0080,Kimberly Johnson,vblackwell@aguilar.net,018-357-5267x45201,tA%&7JLg+*
U0081,Misty Ross,andrewtaylor@hernandez.com,(095)229-8139x50035,q%$3T^ki4%
U0082,Carrie Martinez,laurencollins@young.net,423-771-0116x332,sf&8O(Ez($
U0083,Samantha Watson,mark39@munoz.com,834-492-1702x709,3*k8SgD9+l
U0084,Timothy Mclaughlin,gmacdonald@holloway-christian.biz,(634)066-8144x420,(mLRwAWiB1
U0085,Pamela Hill,allisonmiller@gmail.com,890.126.3168x2035,9axQkWQ2&6
U0086,Nancy Brown,hunterrebecca@phillips-patterson.com,001-752-739-0769,#)15Iw2Xf#
U0087,Makayla Carroll,marissa24@gmail.com,420.650.7289x792,Y5E%Lz#j*v
U0088,Michelle Cook,ehudson@yahoo.com,083-685-7349,^KR*GMxEe6
U0089,Tyler Paul,dayamber@gmail.com,370.095.7642x07414,1^rfO1Fl*a
U0090,Michael Powell,gregorystacy@johnson-torres.com,+1-005-026-6556,++sHKhAW(0
U0091,Benjamin Henderson,wdunlap@yahoo.com,548-447-0119x8538,rt$Dh1KaiH
U0092,Jeffrey Rogers,cpitts@mcdonald-hall.com,(613)889-1973,$NdAL@4db3
U0093,Richard Hernandez,morrisonmichelle@branch.com,650-235-4864x68060,n+1ue^AzV)
U0094,Mr. Collin Harmon,srichardson@singh.com,+1-847-163-4431x22184,W_0HLOlHvk
U0095,Robert Morales,andreabrown@maxwell-hendrix.com,+1-634-316-1882x5125,Z@6Um@Dm)Q
U0096,John Gray,brendaross@monroe.com,711.615.8565x5858,&0KNvzec6x
U0097,Samuel Shaffer,jspencer@howe-washington.com,079.965.7819x644,*VhX6VDfaq
U0098,Deborah Campbell,pricebrandon@farmer.com,001-313-751-0267x554,_05Q6@fxq0
U0099,Joshua Patterson,bennettjohn@hotmail.com,(572)563-4853x954,bAlK+!r5^0
U0100,Gregory Thomas,mhawkins@yahoo.com,001-347-174-7486x134,*^DFAvz(M9
