event_id,user_id,title,date,time,note
E0001,U0082,Business save international top visit.,2025-03-26,19:39:34,Kind Mr traditional.
E0002,U0046,Environmental prepare live certain.,2025-07-17,07:02:11,Stay on interesting.
E0003,U0025,Parent positive size.,2025-06-13,12:51:23,Operation something.
E0004,U0036,Top term well you.,2025-05-03,03:41:01,Order car factor.
E0005,U0063,Future population.,2025-07-08,00:45:06,Natural nearly.
E0006,U0099,Democrat have population.,2025-03-12,22:12:25,That education live.
E0007,U0011,Not final first.,2025-02-06,17:39:20,Sound look her then.
E0008,U0008,Main fight.,2025-06-30,21:56:37,Memory worker.
E0009,U0098,Avoid radio establish trial cultural.,2025-02-14,05:18:23,Agent list ground.
E0010,U0051,Bad head determine.,2025-05-10,22:10:49,Red ground soldier.
E0011,U0095,Politics civil.,2025-02-06,09:39:58,Without article.
E0012,U0027,Difference win add result.,2025-06-17,17:55:22,Speech five space.
E0013,U0035,Economic particular military quickly.,2025-06-07,12:06:26,House agreement.
E0014,U0016,Tell word they determine item.,2025-01-06,01:56:56,Half opportunity.
E0015,U0071,Hour represent politics.,2025-01-05,06:55:56,Mother community.
E0016,U0054,Yes point.,2025-04-17,00:21:36,Parent billion base.
E0017,U0058,Left beyond include suffer.,2025-05-09,17:39:00,Instead guess build.
E0018,U0085,Owner case career.,2025-01-15,08:45:01,Despite table watch.
E0019,U0036,Get find again head economy.,2025-01-03,00:20:53,Home spend hotel.
E0020,U0066,Indicate build.,2025-01-09,23:52:37,Glass American.
E0021,U0044,College baby subject challenge detail.,2025-05-18,04:09:22,Gas discuss.
E0022,U0061,Kid true author.,2025-03-20,14:10:31,Not pressure man.
E0023,U0072,Coach very data.,2025-03-17,11:01:26,Water voice decade.
E0024,U0077,Onto act film.,2025-07-05,17:36:23,Show yes nice drive.
E0025,U0045,Lot goal real north.,2025-07-07,13:38:22,Collection prepare.
E0026,U0047,Few computer them will remain.,2025-06-08,18:18:36,Usually interest.
E0027,U0078,Radio still about more be.,2025-06-18,11:46:05,Section call.
E0028,U0037,Easy sure.,2025-06-03,10:28:00,Nice discover him.
E0029,U0022,Only detail.,2025-01-14,20:18:34,Mrs type floor.
E0030,U0090,Second special sit.,2025-01-01,06:33:44,Cup month cost.
E0031,U0012,Different nature along.,2025-06-28,01:01:19,Suggest control.
E0032,U0008,Herself half response task change.,2025-05-18,19:46:17,Move send surface.
E0033,U0031,Example investment.,2025-05-26,23:54:26,Federal PM close.
E0034,U0071,Across leg perhaps size.,2025-03-17,09:46:59,Until edge seven.
E0035,U0085,Strong meeting head near.,2025-06-03,03:02:01,Step ago should.
E0036,U0047,Back scientist consumer allow.,2025-01-23,17:36:21,Surface card.
E0037,U0041,Three understand political senior determine.,2025-05-04,00:12:00,No scene also still.
E0038,U0028,Business dark owner threat base.,2025-01-03,21:41:45,Paper big past.
E0039,U0090,Size statement fill.,2025-01-18,22:33:03,Artist few.
E0040,U0009,Floor hold yes.,2025-03-20,21:18:18,Price call want.
E0041,U0085,List wonder officer.,2025-02-18,03:59:45,His inside family.
E0042,U0071,Meet parent film order.,2025-05-28,07:24:13,Prove sign message.
E0043,U0074,Public employee.,2025-01-22,11:49:35,Act far those life.
E0044,U0087,Few recent.,2025-05-11,23:45:38,Actually step.
E0045,U0081,Enter change ok reveal.,2025-06-14,11:45:47,PM her society.
E0046,U0020,Leave beautiful and.,2025-07-14,23:23:45,Leg somebody eye.
E0047,U0100,Soon hot me.,2025-04-11,22:46:30,Personal table.
E0048,U0042,Yes art mean billion factor.,2025-04-18,12:19:09,Mean those project.
E0049,U0040,Technology put at poor order.,2025-05-25,00:47:40,Spend several state.
E0050,U0042,For accept read force.,2025-06-06,03:37:37,Thousand peace ten.
E0051,U0020,Color condition tree international.,2025-03-16,11:30:48,Lose trade me know.
E0052,U0086,Or talk statement activity add.,2025-02-20,15:45:23,Name material.
E0053,U0038,Everybody one much.,2025-05-02,05:13:52,Area coach fact.
E0054,U0035,Positive sea everybody nature field.,2025-03-14,21:05:01,Cover leave yard up.
E0055,U0079,During image military kind.,2025-05-20,01:44:27,May real add model.
E0056,U0073,Ask such those including explain.,2025-06-13,19:46:54,Here day in little.
E0057,U0011,Audience notice step doctor.,2025-06-03,03:20:08,Keep safe material.
E0058,U0085,Them record country view key.,2025-02-09,19:44:14,Machine play white.
E0059,U0019,As offer so.,2025-04-04,08:34:27,Our recently.
E0060,U0051,Turn none wish middle practice.,2025-01-18,17:44:36,Size behavior.
E0061,U0078,Law control today.,2025-06-12,13:22:32,Because scene sell.
E0062,U0023,Especially choice.,2025-03-27,14:31:50,We cold reduce.
E0063,U0095,After picture necessary want.,2025-06-12,21:25:53,Lose work seven.
E0064,U0069,As inside business want.,2025-03-29,02:42:05,Lawyer interest.
E0065,U0069,Mention investment.,2025-07-08,21:34:57,Goal fly western.
E0066,U0045,Box bill especially.,2025-05-16,23:20:45,Peace place black.
E0067,U0084,Skin leg last left several.,2025-02-03,08:21:16,Hair discover.
E0068,U0069,Church college course instead might.,2025-02-22,10:41:44,Week program sea.
E0069,U0049,Foot stay.,2025-03-01,01:31:06,Leave kitchen.
E0070,U0077,Use while year.,2025-01-05,12:20:14,In determine kind.
E0071,U0029,Main think final quality.,2025-04-05,09:06:28,Computer why police.
E0072,U0072,Authority still radio.,2025-04-22,20:02:51,Country then blood.
E0073,U0083,Figure in.,2025-02-24,11:32:02,Work statement man.
E0074,U0067,Trade most need office.,2025-02-04,21:52:44,Her hair have on.
E0075,U0060,Follow free.,2025-02-27,04:50:46,A game arrive human.
E0076,U0085,Partner record generation friend require.,2025-04-08,10:46:58,Finally every view.
E0077,U0057,Attorney bit cost daughter.,2025-05-28,05:49:06,Movie price.
E0078,U0076,Full experience run.,2025-07-01,22:52:19,He operation.
E0079,U0004,Happen method style.,2025-06-02,04:53:08,Hard find enter get.
E0080,U0048,Service structure wind must.,2025-05-15,07:08:28,Probably maintain.
E0081,U0003,Cover scientist nation similar knowledge.,2025-03-26,06:03:52,Entire eye a.
E0082,U0042,Nice society thank.,2025-04-19,17:18:08,Perform tough.
E0083,U0071,Computer budget authority that.,2025-03-28,00:13:13,Present improve son.
E0084,U0087,Night road huge poor.,2025-02-25,00:47:02,Return among before.
E0085,U0007,Teach make at.,2025-06-02,06:40:52,Dream compare.
E0086,U0008,Within something Mrs.,2025-03-08,23:31:32,Fire forward pretty.
E0087,U0062,Trip know pay.,2025-01-20,11:56:02,In share over wind.
E0088,U0046,Challenge provide.,2025-04-11,13:56:16,Recent reason.
E0089,U0013,Truth my movement.,2025-07-13,16:47:08,Film order foot all.
E0090,U0082,Magazine fall west kid wait.,2025-03-28,10:50:20,Could official.
E0091,U0081,Be list up Mr.,2025-03-26,02:27:31,Avoid skin cultural.
E0092,U0038,Measure although.,2025-01-14,08:52:34,Painting class.
E0093,U0038,Sea contain they miss follow.,2025-03-28,05:56:25,Traditional bag.
E0094,U0017,Child bad Republican president.,2025-04-05,11:47:38,Magazine police.
E0095,U0011,Against especially because.,2025-01-21,10:31:19,She matter whose.
E0096,U0021,Control nature treatment maintain.,2025-02-19,06:55:14,Paper item affect.
E0097,U0064,Political nature care.,2025-06-14,13:37:14,Raise his four.
E0098,U0030,Eat oil.,2025-04-09,14:17:23,Which fire thing.
E0099,U0019,Weight tonight friend body bank.,2025-03-12,06:45:07,Democrat find how.
E0100,U0044,Great beautiful door also.,2025-02-08,03:53:03,Big bring firm cost.
E0101,U0040,Impact course body situation.,2025-04-29,18:12:07,Effect state.
E0102,U0093,Seek soon later of.,2025-06-07,01:45:36,Condition perform.
E0103,U0064,Top coach for.,2025-05-25,05:24:23,Dog better off.
E0104,U0068,Them plan grow since nor.,2025-05-30,14:50:45,Claim hold science.
E0105,U0079,Plan yet.,2025-07-16,13:18:23,Recognize church.
E0106,U0091,Student music religious soldier.,2025-07-04,10:15:35,Away put offer.
E0107,U0099,Member option simple herself.,2025-04-22,22:56:37,Drop interview view.
E0108,U0087,Learn wide since.,2025-04-06,17:15:47,Lose election.
E0109,U0057,Amount already rather.,2025-01-18,13:16:07,Yourself three.
E0110,U0024,Animal make security event.,2025-04-28,00:17:18,Stuff quality side.
E0111,U0042,Interesting expert rate away.,2025-05-16,14:36:16,Structure effort.
E0112,U0013,Whom group many box.,2025-01-19,23:19:59,Get lead hear do.
E0113,U0029,Trip big goal.,2025-01-16,14:10:47,Officer suddenly.
E0114,U0015,Produce modern couple.,2025-03-07,12:50:44,White free each.
E0115,U0054,Oil vote individual character.,2025-06-08,03:12:46,Simply minute dark.
E0116,U0005,Man field thought weight camera.,2025-07-07,09:22:12,Nearly human.
E0117,U0076,Stock class.,2025-07-12,11:18:29,Forward vote story.
E0118,U0061,May gun.,2025-06-05,19:24:54,Around picture.
E0119,U0053,Prepare day well leave officer.,2025-03-20,11:06:23,Just light night.
E0120,U0005,War more.,2025-02-13,14:58:29,Population husband.
