reminder_id,user_id,description,date,time
R0001,U0074,Many try very American dog police.,2025-01-21,15:03:27
R0002,U0098,Certain some above plant.,2025-05-25,19:09:59
R0003,U0022,Everyone husband can.,2025-05-26,16:03:32
R0004,U0030,Miss thought production claim.,2025-06-15,16:44:46
R0005,U0019,Approach not all produce your.,2025-07-03,07:48:18
R0006,U0039,Guy size consumer.,2025-02-14,12:25:05
R0007,U0055,Point suggest bank husband.,2025-05-22,07:36:23
R0008,U0076,Use money its true.,2025-03-06,16:30:21
R0009,U0074,Remember begin project.,2025-01-23,23:02:12
R0010,U0098,Book Mr easy.,2025-06-02,22:47:15
R0011,U0064,Throw money boy skill.,2025-05-15,23:41:31
R0012,U0062,History meet mention ask experience course.,2025-06-17,11:21:01
R0013,U0061,Grow court school.,2025-03-15,05:56:15
R0014,U0099,Under energy finish bed.,2025-01-01,12:19:29
R0015,U0067,Director first drop.,2025-06-10,22:06:34
R0016,U0044,Impact information usually.,2025-01-31,12:23:21
R0017,U0080,Final trade police.,2025-05-04,13:45:38
R0018,U0047,Glass child break again.,2025-03-19,17:57:05
R0019,U0023,In choose two.,2025-06-28,23:05:41
R0020,U0052,Miss late play magazine scientist party.,2025-07-09,23:57:19
R0021,U0057,Step adult take news.,2025-03-22,13:31:42
R0022,U0031,Produce PM free.,2025-07-11,06:22:55
R0023,U0035,Leader field effort heavy nation.,2025-05-06,06:20:46
R0024,U0024,Wear vote professional enter.,2025-01-01,09:11:58
R0025,U0058,Property by she choice drug continue.,2025-06-17,07:06:42
R0026,U0035,Deep trial since safe he to.,2025-04-29,06:35:01
R0027,U0065,Military director room argue off.,2025-03-03,09:50:17
R0028,U0008,Want author despite president.,2025-01-21,10:15:50
R0029,U0038,Former understand education.,2025-03-02,19:27:23
R0030,U0068,Boy radio quite.,2025-01-05,23:12:47
R0031,U0097,Watch wide under compare.,2025-05-13,08:33:45
R0032,U0025,Particular campaign research though.,2025-02-28,09:59:02
R0033,U0091,Still believe foreign effect.,2025-03-21,03:28:41
R0034,U0061,Once whole the modern across value.,2025-03-22,00:22:22
R0035,U0055,Vote technology view full beautiful.,2025-04-16,06:11:17
R0036,U0078,Investment catch book deal huge black.,2025-03-30,16:39:01
R0037,U0013,Since never radio everything fact energy.,2025-01-26,02:20:58
R0038,U0020,Letter voice step religious could deal.,2025-07-09,09:38:25
R0039,U0070,Nature degree across statement just begin.,2025-06-27,02:24:17
R0040,U0078,Four local spend candidate.,2025-01-07,08:53:46
R0041,U0098,Section nice newspaper mean ready since.,2025-03-18,09:38:43
R0042,U0028,Allow night black wear.,2025-04-11,12:44:38
R0043,U0089,Surface former newspaper.,2025-02-07,06:07:14
R0044,U0029,Too daughter decision dinner.,2025-06-30,20:37:59
R0045,U0034,Outside every firm this a street.,2025-02-21,11:57:07
R0046,U0084,First new stand.,2025-06-24,01:08:31
R0047,U0008,Course certain protect conference my sport.,2025-02-20,18:11:35
R0048,U0069,Nothing teacher citizen strategy be.,2025-01-04,08:09:00
R0049,U0009,Soon avoid speak mind threat.,2025-06-08,23:30:45
R0050,U0079,From personal among include perform front.,2025-06-01,12:47:11
R0051,U0087,Treatment my development up must.,2025-04-30,04:49:54
R0052,U0047,Protect police foreign exist leader.,2025-05-02,01:48:56
R0053,U0057,Support air they.,2025-02-06,13:24:30
R0054,U0095,Create argue thought someone computer step.,2025-06-05,15:12:41
R0055,U0003,View view source.,2025-03-03,21:48:22
R0056,U0052,Social tonight want low stage smile.,2025-04-10,02:34:37
R0057,U0025,Hope rather rest magazine.,2025-02-06,13:45:54
R0058,U0038,Teacher or current return unit.,2025-06-02,17:35:54
R0059,U0025,Other history everyone pull Congress father.,2025-04-27,22:05:38
R0060,U0057,Lose cut piece put.,2025-04-27,13:04:49
R0061,U0033,Role organization hair.,2025-02-27,16:12:11
R0062,U0047,Per rich thank build.,2025-01-08,11:25:16
R0063,U0052,Present real store range forward.,2025-04-19,05:15:31
R0064,U0054,Sure impact such though.,2025-05-15,07:40:47
R0065,U0033,Wear already stock writer.,2025-01-12,19:38:35
R0066,U0082,Whole party discover part course.,2025-04-22,22:33:41
R0067,U0035,Administration adult whatever.,2025-01-12,18:09:41
R0068,U0091,Eight president reason population response eye.,2025-07-07,08:26:14
R0069,U0087,Soldier discussion sense nor increase agent.,2025-05-09,15:11:25
R0070,U0088,Machine Republican civil hot dinner.,2025-02-23,06:00:02
R0071,U0088,Remember after none.,2025-02-27,05:42:23
R0072,U0049,Imagine bring gas line man director.,2025-04-06,06:41:17
R0073,U0021,Admit quickly first but yeah.,2025-01-03,23:17:51
R0074,U0004,Up sit those phone move success help.,2025-01-20,00:07:35
R0075,U0026,Ground government worker.,2025-03-30,01:58:59
R0076,U0036,Wife magazine whom.,2025-06-05,03:39:47
R0077,U0053,Sign responsibility age newspaper mission.,2025-05-29,00:11:44
R0078,U0053,Product specific gas plant onto out.,2025-06-01,06:29:21
R0079,U0096,Feeling matter young after effect recent.,2025-07-05,11:04:28
R0080,U0079,Goal candidate through.,2025-07-05,02:08:18
R0081,U0056,Marriage just ten where on raise.,2025-01-12,07:04:04
R0082,U0037,Congress high media like.,2025-07-12,18:24:45
R0083,U0075,Remember but student question inside.,2025-05-23,04:12:52
R0084,U0006,Next indicate staff perhaps charge heart.,2025-04-04,20:06:56
R0085,U0074,Wind yard ask analysis.,2025-02-23,14:21:52
R0086,U0044,Follow word tough tonight.,2025-05-12,07:52:01
R0087,U0020,Soldier strategy south out.,2025-02-14,09:55:53
R0088,U0010,Effort country beat thank like set.,2025-07-13,08:41:05
R0089,U0027,Determine white system fall edge.,2025-02-16,11:41:07
R0090,U0020,Human well rate.,2025-03-11,23:34:34
R0091,U0039,North summer walk after billion.,2025-03-02,23:02:57
R0092,U0010,Drive tonight ago fly task.,2025-05-12,08:20:17
R0093,U0051,Blood number place happen.,2025-02-16,21:02:07
R0094,U0057,Arm need social really run.,2025-01-17,21:21:22
R0095,U0054,Degree its my.,2025-07-05,06:14:15
R0096,U0052,School realize herself.,2025-05-21,22:34:37
R0097,U0058,Economy everybody military find top.,2025-05-07,07:24:23
R0098,U0097,Minute any focus serious book.,2025-05-27,10:50:25
R0099,U0002,Break ok road popular radio generation.,2025-04-17,05:08:19
R0100,U0070,Red medical author agree you red.,2025-04-08,15:46:30
R0101,U0053,Wide decision region thing score.,2025-03-18,16:02:49
R0102,U0088,Miss rate church add air.,2025-03-26,06:40:30
R0103,U0034,Knowledge whom direction society.,2025-05-02,18:03:36
R0104,U0060,Child happen room perform.,2025-01-01,01:33:23
R0105,U0065,Left up structure son.,2025-03-18,05:40:12
R0106,U0006,Operation action anything attorney.,2025-03-20,11:34:01
R0107,U0076,Process feel school way the tonight.,2025-03-27,00:50:24
R0108,U0050,Rate believe part certain military adult.,2025-07-04,11:22:45
R0109,U0010,Cold that will million grow would.,2025-05-03,23:57:47
R0110,U0076,Go measure president occur.,2025-06-04,11:48:56
